candidate_skill,candidate_experience,candidate_work_style,candidate_communication,team_avg_skill,team_experience,team_work_style,team_communication,skill_gap,experience_gap,work_style_match,communication_gap,compatible
7.083785052900495,0,1,9,9.32312266264512,0,1,10,3,0,1,1,1
4.581129798752833,3,0,6,9.367238372500609,1,1,9,5,2,0,3,0
7.730204389631434,2,1,1,8.961440073113064,0,0,7,2,2,0,6,1
5.447455278013413,3,0,1,8.882363045013781,1,1,4,4,2,0,3,0
6.183992557486791,3,1,6,11.072912462538245,4,0,6,3,1,0,0,1
9.547526083530967,3,0,4,2.2275320389232998,1,0,2,7,2,1,2,1
2.096479302534092,3,1,4,4.009017757130644,0,1,7,2,3,1,3,1
6.862577349665104,4,0,6,7.250409399021151,5,1,2,1,1,0,4,1
7.9768693913668285,4,1,7,8.449179784173493,4,0,10,0,0,0,3,1
5.05705074611326,1,1,9,4.562388359992906,0,1,8,1,1,1,1,1
4.030941676443567,0,0,10,0.7437056015107456,1,1,8,3,1,0,2,1
7.536223334594136,3,0,5,1.3416062020005344,2,0,1,7,1,1,4,1
7.904879577793392,1,0,9,4.695127663755994,3,0,8,4,2,1,1,1
2.2512766656971257,0,0,4,6.8936732072149125,0,0,2,3,0,1,2,1
6.681614487566125,5,1,10,7.876832359410076,1,0,6,2,4,0,4,0
4.848186963550999,2,1,2,4.849264141165007,4,1,1,1,2,1,1,1
1.7555569404781544,4,0,3,8.589560538795157,0,1,5,7,4,0,2,0
8.79447016422204,5,1,1,8.786597902532371,0,0,7,1,5,0,6,0
5.378876733225385,0,0,6,1.8705306017108048,3,0,10,4,3,1,4,0
1.4372064429840155,5,0,6,9.90607029949564,1,0,1,8,4,1,5,0
4.451889837565718,2,1,1,1.5594472989653347,2,1,2,4,0,1,1,0
0.9660643091502591,0,1,3,2.637214213343791,4,0,7,1,4,0,4,0
10.215815814818798,5,1,5,4.9141631730376085,1,1,6,5,4,1,1,0
6.369837734058917,4,1,3,4.549242438025909,4,0,3,2,0,0,0,1
10.285997658747485,4,1,10,4.178830683315545,0,0,10,5,4,0,0,0
-0.12471622710038188,1,1,3,9.032252986431287,3,0,2,8,2,0,1,1
10.304367794562209,5,1,10,8.453272078554981,3,1,10,2,2,1,0,1
2.7214347137138843,3,0,3,6.036126024118958,5,1,4,3,2,0,1,1
6.706792425555613,5,0,5,2.028905588548881,2,1,3,6,3,0,2,0
3.690113935873061,0,0,5,1.2807944166027205,3,0,7,2,3,1,2,1
8.545615164596013,0,0,4,5.742414550453991,0,1,8,3,0,0,4,1
3.842262417301726,5,0,1,1.936740551523025,2,1,2,1,3,0,1,1
5.421148663506951,2,1,5,10.219726345228995,1,0,10,5,1,0,5,0
3.0115979892786875,4,0,10,5.6339802435515445,3,0,7,2,1,1,3,1
7.6755078762435005,0,0,5,4.987800716381922,2,1,8,2,2,0,3,1
4.243735517350562,4,0,4,5.288885175246897,0,1,6,1,4,0,2,0
8.334647434334537,0,0,6,6.421256948227502,5,1,6,3,5,0,0,1
5.911016133902656,1,0,10,6.377479383070982,4,1,10,1,3,0,0,1
1.6502927299383563,3,0,4,1.029070670310297,4,0,1,0,1,1,3,1
4.080849263352376,0,0,7,9.998097933164601,0,0,4,6,0,1,3,1
9.051429288966167,4,1,7,2.204929084659851,0,0,1,6,4,0,6,0
2.0746709555299403,1,1,2,5.667674451248969,4,1,4,4,3,1,2,0
9.29447158446696,0,0,3,7.5485955365186,5,1,2,2,5,0,1,1
9.401577371307011,2,1,1,1.4046323491209929,2,0,5,8,0,0,4,0
10.119813759119499,3,1,8,1.058415087086092,4,0,10,9,1,0,2,0
5.366527140732999,0,1,9,1.3572044996219863,0,1,9,3,0,1,0,1
1.053618911204974,1,1,4,6.440032981478671,3,1,10,4,2,1,6,1
4.155745429398895,2,0,6,8.283097088035793,1,0,3,5,1,1,3,1
6.406117380041237,5,1,9,4.165056895235471,5,0,8,3,0,0,1,1
7.801338373724319,1,1,6,2.592994665354222,5,0,3,5,4,0,3,0
3.2671824493181916,1,1,9,7.81716145873474,3,1,6,5,2,1,3,1
1.0455468031279567,2,0,4,10.252135374019192,3,1,4,9,1,0,0,0
3.5742300101103406,1,0,8,9.260724699529764,0,1,8,5,1,0,0,0
2.0031365780922092,2,0,9,5.66848453677798,4,1,6,3,2,0,3,1
7.234232342378179,0,0,4,8.958873150164273,2,1,8,1,2,0,4,1
4.575133697949148,2,0,5,2.1532254314816703,5,1,1,2,3,0,4,0
1.8973579902518745,2,0,8,2.7811313387978376,5,0,6,1,3,1,2,1
6.559274972127663,3,0,10,7.090994941311399,3,0,1,1,0,1,9,1
5.736734156451979,2,1,6,7.219743024004256,4,1,1,1,2,1,5,1
9.738212005796708,2,1,7,5.950845076272812,5,0,8,4,3,0,1,0
3.6179066066810766,5,1,3,5.098124757953752,2,1,7,2,3,1,4,0
6.438086965846538,0,0,7,2.1657354481654476,3,0,3,4,3,1,4,0
1.645284421335762,3,0,8,10.18228073867773,2,1,6,8,1,0,2,0
10.322297716207588,5,0,10,5.659913261826024,4,0,9,4,1,1,1,1
1.808773801165355,4,0,6,3.3578064819637428,5,0,7,2,1,1,1,1
9.01201835005419,0,0,10,3.737939575251983,1,1,3,7,1,0,7,0
3.714842966106767,0,1,9,2.245722755447201,5,1,6,2,5,1,3,1
7.410445892818576,4,1,6,0.8854594845391451,4,0,4,7,0,0,2,0
7.016951361841169,2,0,9,4.431483558426256,5,0,3,2,3,1,6,1
8.404796132162755,5,0,4,1.589092585789327,5,1,9,7,0,0,5,0
8.462987550357308,1,0,8,2.651295198393116,0,0,10,6,1,1,2,1
4.954462069823486,3,0,4,7.068830970434023,5,1,2,2,2,0,2,1
1.9112020026206304,1,1,2,7.724706466499646,5,1,1,6,4,1,1,0
5.327946068893791,4,0,10,10.254844615612328,2,0,2,5,2,1,8,0
8.48195346703793,0,0,9,7.592800906276838,1,1,7,0,1,0,2,1
9.989950624115174,0,0,5,4.750421515140189,2,0,10,6,2,1,5,0
8.614399850225354,3,0,4,1.6764002674483627,2,0,1,8,1,1,3,1
8.113015191943935,0,1,2,6.766712964398612,3,1,6,2,3,1,4,1
0.65697512148241,0,0,1,0.6856648764845699,0,0,7,0,0,1,6,1
8.691393876676019,3,0,7,2.69093340065386,2,1,9,5,1,0,2,0
7.053528726496149,5,1,6,7.259209614224316,4,1,8,1,1,1,2,1
8.827426559430986,5,1,2,1.330265112521122,4,1,6,7,1,1,4,0
8.343966486025714,3,1,8,6.067595170493693,5,0,3,2,2,0,5,1
0.6935083643646552,4,0,4,5.836883147779321,3,1,8,5,1,0,4,0
7.971479416573529,0,0,8,8.32733225629238,0,0,7,1,0,1,1,1
8.591993721598445,0,1,7,4.859417978767722,0,1,3,3,0,1,4,1
3.1709126069774833,4,1,5,10.252668573823675,5,1,9,7,1,1,4,0
0.9699812291557177,5,1,10,4.263919674957793,4,1,2,3,1,1,8,1
7.699027779032411,2,1,10,4.050164859570559,1,0,3,3,1,0,7,1
2.6833843016425116,2,1,8,9.935868259758085,3,0,2,7,1,0,6,0
2.5746933735240263,2,1,9,4.3083296115141945,5,1,1,2,3,1,8,1
0.7294965671085503,5,0,5,8.450864348570137,3,1,4,7,2,0,1,0
5.377832919372158,5,0,10,10.392073208176749,4,0,5,5,1,1,5,0
9.889055864353866,4,0,5,7.550986386837771,4,0,6,2,0,1,1,1
6.325113465309385,0,1,2,1.6169773987998002,1,0,5,5,1,0,3,0
10.884084646529892,4,1,5,6.769366474750846,1,1,1,3,3,1,4,1
9.15998259557258,4,1,3,6.87360330263433,0,0,3,1,4,0,0,1
6.296528299743415,5,1,7,6.167984086720288,3,1,1,1,2,1,6,1
8.779075536379588,2,1,10,4.863577726829934,3,0,5,4,1,0,5,0
8.05544319141421,1,1,5,9.48508754128393,4,1,5,1,3,1,0,1
2.8522960466486884,0,0,8,2.4507953910187235,0,1,6,1,0,0,2,1
0.44594377087056536,5,0,1,9.690438525875035,5,1,8,9,0,0,7,0
7.488020359677973,2,1,3,3.2467373709804423,3,0,10,3,1,0,7,1
7.699743213486172,1,0,3,8.497854718252874,0,0,1,2,1,1,2,1
7.6856728474627145,1,1,9,5.409009001965891,0,0,4,2,1,0,5,1
4.861243190569883,5,0,5,8.497986839423223,4,1,10,3,1,0,5,1
2.4818453763131147,3,1,9,6.650869075624303,0,1,1,4,3,1,8,0
7.898269429459847,0,1,9,2.0620878423723066,1,0,9,6,1,0,0,0
5.9817050128285345,1,0,1,2.809618298069098,1,1,7,3,0,0,6,1
3.3298249990411852,5,0,2,0.3652673669935935,2,1,7,2,3,0,5,1
1.5450917355102234,5,1,5,8.915849788414178,4,1,5,8,1,1,0,1
2.6259519676891765,2,1,4,7.299551665931797,5,0,7,4,3,0,3,0
4.016337467887003,3,0,10,0.39612030372832385,2,1,2,4,1,0,8,0
2.989377610361879,0,0,9,3.4045563953656894,1,0,4,0,1,1,5,1
1.1467687649843203,4,1,7,3.575139539261152,2,0,7,3,2,0,0,1
5.124708843842521,2,0,6,3.7585080369635797,4,0,3,1,2,1,3,1
9.836663376245477,1,1,7,5.265341561505024,4,0,2,5,3,0,5,0
7.062376049831967,1,1,1,2.668281921390256,0,0,10,4,1,0,9,0
7.757722404176124,2,1,1,3.018787429667933,3,1,2,4,1,1,1,1
9.190867084481255,5,1,8,0.8426545856059537,0,0,1,8,5,0,7,0
9.813315787498457,1,0,2,7.06468400335191,4,0,5,3,3,1,3,1
9.749901091452003,3,0,10,8.809630447238252,1,0,6,0,2,1,4,1
2.9150738211611347,0,0,9,0.08515909239595854,5,1,6,2,5,0,3,1
7.81836998091532,3,0,7,2.307983503023419,1,1,9,5,2,0,2,0
0.9083496452369013,1,0,6,4.518590702824525,0,1,4,3,1,0,2,1
3.990102827739646,4,0,1,3.544756648234239,5,1,1,0,1,0,0,1
3.7588432145318484,0,0,1,4.8779858239144325,4,0,6,1,4,1,5,0
5.549491678720982,0,1,2,2.1473596264511507,1,0,5,3,1,0,3,1
7.979918627372338,2,0,6,4.346608800829352,4,1,10,3,2,0,4,1
7.225306524715694,2,0,6,-0.013838635835424329,5,1,6,6,3,0,0,0
4.041386451892713,4,1,2,1.5569798765108114,5,1,3,2,1,1,1,1
7.018391416587117,5,0,1,0.8337103100750625,1,1,2,6,4,0,1,0
1.8078466056071272,0,0,10,10.351570098618025,4,0,6,7,4,1,4,0
6.372575432142408,4,1,5,11.249215241860748,2,1,1,4,2,1,4,0
2.067083207997922,2,0,5,3.885997136595141,4,1,7,2,2,0,2,1
10.214171025330362,2,0,2,3.296511268948006,5,1,7,6,3,0,5,0
8.644268902958148,0,0,6,7.201134038600649,4,1,10,2,4,0,4,0
4.807771560511454,3,1,9,10.660497894770355,0,1,7,5,3,1,2,0
5.7944875317484135,1,0,2,9.05400706048975,2,1,10,3,1,0,8,1
4.510811492036519,2,0,10,8.546675727422853,3,1,1,5,1,0,9,0
9.810620081698453,5,1,2,5.47899697074001,0,0,4,5,5,0,2,0
8.0413301610549,5,0,3,10.331772809249218,3,0,7,3,2,1,4,1
9.21543120950752,2,1,7,0.4869595779021878,1,0,9,8,1,0,2,0
6.362158670002135,3,1,6,1.190712808767171,3,0,5,6,0,0,1,1
0.9357268533740216,3,0,8,6.498632783829437,4,0,2,5,1,1,6,0
0.6741624389217922,4,1,8,2.5909450212794467,3,0,7,1,1,0,1,1
7.902808765089988,5,1,6,7.966775512345272,5,1,10,1,0,1,4,1
9.799735470056895,4,0,10,8.820960276910341,0,1,1,0,4,0,9,0
4.351571271110002,5,1,3,4.613636911040631,0,0,7,0,5,0,4,0
9.266603658949656,1,1,3,4.394919748509557,3,1,6,4,2,1,3,0
3.082701830149852,1,0,1,8.219289645460503,0,0,7,5,1,1,6,0
6.308991215653781,0,0,7,2.3149866863177855,5,1,10,4,5,0,3,0
5.758191430222282,4,0,5,5.532688136129801,0,1,3,1,4,0,2,0
8.420890387392006,2,1,4,2.870977242194419,3,1,3,5,1,1,1,1
8.474389985108749,4,0,10,10.634291617823735,2,1,7,1,2,0,3,1
3.734115341874593,2,1,4,3.2457063781777635,2,1,2,2,0,1,2,1
0.886446996109537,3,1,4,2.388389884969035,1,1,1,2,2,1,3,1
2.9291212229862307,4,1,6,7.712313866038622,0,0,9,4,4,0,3,0
10.067781708207354,3,1,8,7.775622633213865,3,0,9,3,0,0,1,1
8.364259321757268,1,1,8,7.441143246299608,0,1,7,1,1,1,1,1
6.318802906115605,1,1,5,9.61920606748189,4,0,7,4,3,0,2,0
8.129384902621961,0,1,6,7.846993022821295,5,1,3,0,5,1,3,1
9.597765694043355,4,0,4,5.0727136087028795,0,0,10,4,4,1,6,0
3.2405151095933427,3,0,9,4.648144800334284,0,1,2,1,3,0,7,0
1.2522909072386952,2,1,8,4.846173286231602,2,0,7,3,0,0,1,1
1.3132691816684712,1,1,10,7.072163235863019,5,1,9,6,4,1,1,0
9.38021885695988,1,0,10,8.648325976446321,3,0,1,0,2,1,9,1
3.2485646956588052,2,1,1,4.16967790637811,0,1,4,0,2,1,3,1
6.6270289367621995,3,0,2,1.8259213015913434,2,0,6,5,1,1,4,0
1.6692292787423542,3,0,9,3.962536721940776,1,1,7,2,2,0,2,1
3.376709731751215,4,0,8,7.81569031710715,5,1,10,5,1,0,2,0
0.6927306081544525,4,1,3,9.403523208303344,2,1,7,8,2,1,4,1
4.571825740859398,5,1,8,3.5598438892766904,2,0,10,2,3,0,2,1
0.6941831316527205,5,0,1,7.141526581129327,2,0,2,6,3,1,1,0
8.559316167077107,0,0,10,8.830344406430921,0,0,4,1,0,1,6,1
1.0065216871884761,1,0,4,3.979331397595415,0,1,5,3,1,0,1,1
0.9103744873215441,4,0,3,10.009799808288815,1,0,1,9,3,1,2,0
1.9449972506494744,3,0,6,2.5987849800675815,4,1,1,1,1,0,5,1
2.6460301671632616,2,1,7,5.289464324285618,4,0,10,3,2,0,3,1
5.625414136698379,3,0,4,1.230021161930233,4,0,3,5,1,1,1,1
7.657754145470052,1,1,7,3.770220619888337,5,0,10,4,4,0,3,0
5.105248149460752,5,0,9,8.627674890144238,5,0,3,3,0,1,6,1
0.9197903090123262,3,1,2,7.657162541204935,1,1,8,7,2,1,6,1
2.250450248967141,0,1,3,4.410149187254483,5,0,9,3,5,0,6,0
2.4721802551007017,1,1,5,1.524523308452764,4,0,1,1,3,0,4,0
1.823157120216497,5,1,3,8.347966050470426,4,1,2,6,1,1,1,1
4.383784380418,2,1,8,7.741692900619946,2,1,10,3,0,1,2,1
10.476230985268085,5,1,10,9.488373388312208,5,0,2,0,0,0,8,1
6.844594466825839,0,0,8,4.140022671348702,0,0,4,2,0,1,4,1
7.834961390702319,1,1,8,1.6627164359229296,0,1,2,4,1,1,6,1
4.611974376573002,2,0,9,1.1245122127973861,2,1,7,2,0,0,2,1
6.901189766102017,0,1,4,8.911254058112858,2,1,9,2,2,1,5,1
7.817379511255076,5,1,5,1.0412208833174212,2,0,7,7,3,0,2,0
0.16441511375296747,0,0,5,6.815340614920905,0,0,6,6,0,1,1,1
7.017936767590896,1,1,8,4.2102818506412,4,0,10,1,3,0,2,0
8.234489039074234,4,0,7,7.591054078930747,2,1,1,0,2,0,6,1
4.754021547565259,0,0,9,4.195604663618697,1,1,10,1,1,0,1,1
4.664028444493484,0,0,8,7.290890885314181,2,1,9,3,2,0,1,1
1.5136177416199996,5,0,2,4.991888441202029,3,0,5,3,2,1,3,1
6.2033110171113375,5,1,10,5.578416890518494,2,1,5,1,3,1,5,1
5.9136854328545825,2,1,4,9.198698511729617,0,0,6,3,2,0,2,1
1.3193385699401505,5,0,6,8.626272173020894,5,1,9,8,0,0,3,0
8.968213230406938,3,1,2,8.859748973294192,2,0,8,0,1,0,6,1
5.274536054444388,1,1,7,5.298566921396072,5,0,8,0,4,0,1,0
3.037788186335019,1,0,3,5.945930504804291,3,1,8,3,2,0,5,1
4.5244320709376815,4,1,3,5.5560503096106695,1,0,1,1,3,0,2,1
3.9853917970730075,4,0,2,9.342645042355484,5,1,1,5,1,0,1,0
3.387557560794543,1,0,8,10.70100466295956,4,0,8,7,3,1,0,0
9.477235257162974,4,1,6,7.848557378100503,2,1,5,2,2,1,1,1
2.986869603365074,2,1,1,7.673049897257129,3,1,9,4,1,1,8,1
2.6877447724557113,5,1,1,6.903347886776015,3,0,2,4,2,0,1,0
4.373490420052355,1,0,7,6.735792541284947,5,1,9,2,4,0,2,1
7.015745781130998,4,0,8,4.989071626278938,1,0,8,2,3,1,0,1
4.345036838168307,1,1,5,4.353615686902138,0,1,9,0,1,1,4,1
9.543855213078933,3,1,5,3.7375561821549277,2,1,4,6,1,1,1,1
1.3458092875606942,0,1,4,2.9032861857093972,3,1,1,2,3,1,3,1
8.136559217146822,5,1,6,6.109194493772087,1,1,1,2,4,1,5,1
6.500893870744298,1,0,6,4.644431712603151,4,0,5,3,3,1,1,1
1.9986069446665493,0,1,3,5.933498418034969,3,1,2,4,3,1,1,0
7.733454798992083,4,0,9,2.3395538587469193,1,1,8,5,3,0,1,0
0.8279680216478867,0,0,7,5.071503527292455,0,0,10,3,0,1,3,1
8.812732924624875,5,1,1,8.765117767831432,0,0,5,0,5,0,4,0
8.510037212608879,1,1,7,5.079378025468771,3,0,5,4,2,0,2,0
1.0213307054330052,3,1,5,7.5780033347255635,3,0,2,5,0,0,3,0
6.665928475836116,4,0,5,9.6957530481344,5,0,7,3,1,1,2,1
10.09668972596208,1,1,2,1.496066043388935,2,0,8,8,1,0,6,0
2.325911477286255,5,1,4,5.126868648387417,1,1,10,2,4,1,6,1
7.007841118235812,4,0,6,8.103461801043805,3,0,1,2,1,1,5,1
10.950134212155483,2,1,10,2.8560469615660398,2,1,2,7,0,1,8,1
9.51152827762612,0,0,7,9.122519332157703,5,0,10,0,5,1,3,1
4.821770754560265,5,1,5,5.865024051587418,2,1,4,2,3,1,1,1
1.1955639384663632,2,0,9,3.2282745284071264,3,1,5,3,1,0,4,1
2.583754911493223,1,1,3,7.797088978102006,0,1,2,5,1,1,1,1
0.6380176347661063,3,1,1,8.051769076974587,1,0,1,7,2,0,0,1
4.677829866489008,4,0,4,6.71557605888087,1,0,9,1,3,1,5,1
3.630429896931264,0,0,9,4.869981874909778,0,0,1,0,0,1,8,1
7.593072737021149,4,1,4,5.559994009154618,3,0,4,1,1,0,0,1
9.770161989909942,1,0,2,5.13459046012758,1,1,2,4,0,0,0,0
8.723411377326364,4,0,10,7.89210643683589,3,0,4,1,1,1,6,1
2.8730241468013826,0,0,5,0.411119271004321,5,1,8,2,5,0,3,1
2.6230689431545193,1,0,3,7.734892129393748,3,1,8,4,2,0,5,0
3.191326775738746,4,1,9,9.688864888553002,2,0,9,7,2,0,0,0
4.56246627265162,3,1,4,9.079866807602215,0,0,5,6,3,0,1,0
7.1286140130594795,5,0,6,2.664083026978666,3,0,7,6,2,1,1,1
6.204719265321126,1,0,2,8.747850992093689,5,1,3,3,4,0,1,0
7.861664114140427,5,0,6,0.6960880536921878,4,0,10,7,1,1,4,1
1.0566971959833447,1,0,3,9.117306206485013,0,1,4,9,1,0,1,0
8.229497000837146,3,1,9,6.870470743298496,1,0,10,2,2,0,1,1
3.9058987806135894,5,1,2,8.355259706395156,2,1,9,5,3,1,7,0
0.9482065732971097,2,0,9,1.029224740352825,1,0,10,0,1,1,1,1
7.893062416222681,0,0,5,4.4563101612702205,5,0,10,4,5,1,5,0
4.48515810089414,2,0,8,4.2108584665015485,5,1,1,0,3,0,7,1
6.209379980063749,4,1,2,8.970172844003905,1,0,2,3,3,0,0,0
8.11029176886868,3,0,6,4.149167070856292,0,0,5,3,3,1,1,1
3.3645241394538585,2,1,3,4.595137582116358,1,0,3,1,1,0,0,1
2.810710128393423,1,0,10,6.093900169021261,3,0,2,3,2,1,8,1
9.449334580169587,4,1,5,0.6064129650065018,1,0,1,8,3,0,4,0
3.0188482865619615,4,0,8,1.101679729999384,2,0,10,2,2,1,2,1
9.329765734794568,2,1,10,9.34087170440757,2,0,3,0,0,0,7,1
2.883255900163817,2,0,1,3.4812514429000507,4,1,1,1,2,0,0,1
2.519303034604408,3,0,5,3.386910321093658,2,1,1,2,1,0,4,1
2.0465791688498713,0,0,3,2.098323027489477,1,0,1,1,1,1,2,1
5.744505414902137,2,1,4,9.383739672277065,2,0,8,3,0,0,4,1
1.7232252019720509,2,0,2,7.999142923165468,0,0,3,5,2,1,1,1
8.915807538763573,5,1,9,2.54476829153832,2,1,1,7,3,1,8,0
3.8369937520915753,1,1,3,9.182703885999986,3,1,7,4,2,1,4,0
1.1951830971976878,5,0,2,6.280639949471565,0,0,10,6,5,1,8,0
3.923047386512656,5,0,10,5.887368678754323,4,1,3,2,1,0,7,1
0.8398074702816029,4,0,9,-0.1892158299366642,3,0,8,0,1,1,1,1
4.11030053474639,0,1,7,7.0963257663240125,1,0,4,2,1,0,3,1
3.530016085424967,1,0,6,10.18269712096257,1,0,4,6,0,1,2,1
8.238325520400279,3,1,1,6.980418942278621,1,0,5,1,2,0,4,1
8.857953815566347,3,1,5,8.672733214500845,3,1,6,1,0,1,1,1
6.9512373081271885,2,0,3,-0.024757258094162626,3,1,7,6,1,0,4,0
3.1639055367870617,2,0,1,2.1867668417058845,3,0,4,1,1,1,3,1
1.4762390784764028,3,0,4,9.727717241957663,0,1,8,8,3,0,4,0
0.5945530318998751,2,0,2,8.704490772133283,5,1,6,8,3,0,4,0
3.1834070216427213,0,0,2,6.220029964511572,0,0,1,3,0,1,1,1
5.629754946833921,5,0,3,5.2159278432899745,1,1,1,0,4,0,2,0
7.4324122192455055,2,1,8,4.228606531846257,5,0,9,3,3,0,1,0
6.075701523975867,4,1,8,3.8033088511276714,2,0,10,2,2,0,2,1
6.14922590699072,2,1,7,4.618791024698543,1,0,6,1,1,0,1,1
5.608700701290705,1,0,6,2.6198181793919346,4,0,10,3,3,1,4,1
3.3535161798053923,0,1,9,0.803194208983495,0,1,8,2,0,1,1,1
7.042356460615508,1,1,4,1.1912166578462677,3,0,7,5,2,0,3,0
7.496044152285897,1,1,1,6.3439183994022414,0,1,6,1,1,1,5,1
1.830120496176238,4,1,8,0.8014423342160736,3,0,4,1,1,0,4,0
5.115803737084046,0,1,7,0.9792641110004262,5,0,7,4,5,0,0,0
1.3932031059979082,0,0,7,2.4504803877340704,4,1,9,2,4,0,2,1
0.7202268573552655,0,0,3,10.89833260083751,5,0,10,9,5,1,7,0
3.58348485492863,0,1,4,3.5732522599693293,4,1,10,1,4,1,6,1
3.6795947470820125,0,1,10,3.6652815431832546,0,1,7,1,0,1,3,1
4.3802530597920715,4,1,9,1.510846025088751,3,0,1,2,1,0,8,1
2.1285262347566674,2,0,6,1.8992400435690588,5,0,10,2,3,1,4,1
0.6962156041102221,1,0,5,3.2764526142997408,4,0,9,2,3,1,4,0
1.784091214763663,0,1,3,3.531703996878179,1,0,4,3,1,0,1,1
5.723898209228933,2,0,9,3.5531157794299846,1,0,3,2,1,1,6,1
6.469320011339472,2,0,5,8.100349347144439,5,0,4,2,3,1,1,1
2.9119437830200687,1,1,5,10.128626710555752,3,1,4,7,2,1,1,1
9.041493709406256,4,0,4,0.8277613956237737,5,1,10,8,1,0,6,0
4.9345370974369365,3,0,4,1.6252920065215133,0,0,2,3,3,1,2,1
8.56411989163442,3,1,1,7.168883049527301,4,1,1,1,1,1,0,1
0.562078796752445,2,0,7,3.727456385002205,0,1,10,3,2,0,3,1
4.597100172557898,5,0,9,8.908377814787553,1,0,1,3,4,1,8,1
3.5051372934180076,5,1,3,2.365354447378448,4,0,8,0,1,0,5,1
0.9778192722442192,1,0,2,6.768078386427472,5,1,2,5,4,0,0,0
4.689233677726904,3,0,3,8.9443405756011,0,0,10,5,3,1,7,0
4.664243896509727,2,1,1,1.149542867010553,2,1,5,4,0,1,4,0
6.972610819830588,4,1,6,1.4165788833147173,3,0,4,6,1,0,2,1
0.5387935075780234,3,1,7,7.684875352497782,3,1,8,7,0,1,1,1
3.0036813407117835,2,0,2,3.432124192349318,2,1,2,0,0,0,0,1
1.2607265315006004,2,1,8,3.6462280723094116,1,1,10,3,1,1,2,1
8.756183289522518,0,0,6,0.6400052333890305,4,1,9,8,4,0,3,0
9.28187306753594,4,1,4,4.537968596329467,3,0,7,5,1,0,3,0
6.346961616595629,0,0,5,5.373246993814119,2,0,7,0,2,1,2,1
10.358294669879825,1,1,8,7.892522580960525,5,1,1,2,4,1,7,1
2.1348686347578276,0,1,3,3.1928749840908472,2,1,2,0,2,1,1,1
8.666942872750287,0,1,3,3.351329999249653,1,0,4,5,1,0,1,0
9.248707563209926,3,1,4,10.120438378600204,1,0,4,2,2,0,0,1
2.0230031933681705,5,0,1,8.667153267553227,0,1,3,7,5,0,2,0
5.679442869887677,2,1,9,4.184508218912583,3,1,7,2,1,1,2,1
8.412165295501524,4,1,8,4.0621428474254255,0,1,8,3,4,1,0,1
1.3405157508487446,0,0,8,7.468028083968008,2,1,2,5,2,0,6,0
10.01005323343455,4,1,10,2.3884683514657583,4,1,4,8,0,1,6,0
2.0898111363159617,5,0,6,8.015238206960314,4,0,3,6,1,1,3,1
10.672573810226208,5,1,7,5.551373496919371,1,1,2,4,4,1,5,0
1.1798694875633942,0,1,6,2.6735249220839594,4,0,6,2,4,0,0,1
7.750683052105774,1,1,9,8.725105320180983,4,0,4,1,3,0,5,0
0.5244078148060219,0,0,3,4.842366833041872,4,0,6,4,4,1,3,0
8.829089089876932,3,1,3,8.134025213794876,2,1,2,1,1,1,1,1
5.4965363195274275,2,1,3,7.3575871950640295,4,0,4,1,2,0,1,1
7.023912659892342,1,1,10,7.974440653492311,5,0,6,1,4,0,4,0
9.717901910069756,0,0,3,7.008062393950236,4,0,5,3,4,1,2,1
6.252981103355125,4,0,9,3.071653152500002,4,0,3,4,0,1,6,1
10.627572894187452,1,1,4,1.74204734343383,0,1,8,8,1,1,4,0
2.7511637382854803,1,0,7,6.537303871178522,2,1,7,4,1,0,0,0
1.3659315975123438,0,1,9,2.122281051344645,1,0,3,1,1,0,6,1
8.915870432756229,1,1,7,2.652425320961564,0,0,6,6,1,0,1,0
8.03418578298383,4,1,9,2.2365727266338933,3,1,4,6,1,1,5,0
9.126766637210483,5,1,3,3.648544280980216,2,1,5,6,3,1,2,0
7.165823833562881,1,1,4,7.88109648128703,5,1,5,1,4,1,1,1
8.476421215654868,5,1,8,1.2332156437061585,2,0,7,8,3,0,1,0
4.855514404595394,4,1,6,1.2603447482113344,3,1,5,3,1,1,1,1
4.261980256038368,0,0,5,4.46023357391698,3,0,3,1,3,1,2,1
0.8000500049453417,2,0,4,5.498529678226821,3,0,10,4,1,1,6,1
7.627416114841325,1,0,8,1.5636750446777428,1,1,5,7,0,0,3,1
2.947516146218188,2,0,1,5.43507507139072,4,0,7,3,2,1,6,1
7.306395370791645,4,0,9,0.5880815651794229,2,1,5,6,2,0,4,0
1.9872529357074002,1,0,1,5.595545341573096,4,0,5,3,3,1,4,1
1.8914205964315718,5,0,8,8.926573239372349,4,1,9,7,1,0,1,0
7.029185145408948,3,1,4,3.8901110262740746,5,0,3,2,2,0,1,1
5.698070534381523,2,1,9,5.3001592476336565,3,0,6,0,1,0,3,1
2.828397036578481,1,1,5,7.87531518741376,1,1,1,5,0,1,4,1
7.957103780547498,2,1,3,0.4184786748576991,5,1,10,8,3,1,7,0
10.486863115426184,1,0,9,1.7932881146817794,0,1,5,8,1,0,4,0
6.149398890160881,0,0,9,9.01619810684179,1,1,8,3,1,0,1,1
9.613272077983284,5,1,4,3.7311273020173643,4,0,5,7,1,0,1,0
10.94936749067762,2,1,4,5.854773041886105,1,1,9,4,1,1,5,0
6.043508240196194,3,0,8,5.53627089978638,3,1,6,1,0,0,2,1
0.4819282140124016,3,1,2,2.714380081018385,0,0,8,1,3,0,6,0
4.42836871073523,4,1,9,7.717154834676038,3,1,10,3,1,1,1,1
10.199024108254632,1,1,6,4.142377296692784,0,1,8,6,1,1,2,1
6.1972899927421095,2,1,9,0.018355426080512882,5,0,3,5,3,0,6,0
5.787122197674205,4,0,8,4.230412432701932,4,1,7,2,0,0,1,1
5.2252478618890175,2,1,7,6.524199943906771,0,1,7,1,2,1,0,1
0.8691208548894527,1,1,1,6.959466447282291,0,1,10,6,1,1,9,1
8.277970725822922,3,0,3,7.872291935037624,0,1,6,1,3,0,3,1
4.04752777299468,0,0,2,7.429916780733729,1,1,7,2,1,0,5,1
4.783063268510405,3,1,5,3.284136688576392,5,1,2,2,2,1,3,1
7.861077548904097,4,0,5,6.543190355602919,1,0,9,1,3,1,4,1
3.6164662722998497,5,1,5,8.16668492563044,4,1,10,4,1,1,5,1
5.6980808512534065,0,1,4,2.753594750302323,0,0,10,2,0,0,6,1
3.7760193307750125,4,0,5,7.750430524264817,5,0,1,4,1,1,4,0
2.392596932055678,1,1,3,2.5985840136239267,5,0,1,1,4,0,2,0
5.895859611885874,0,1,1,9.596204329950853,2,0,3,3,2,0,2,1
7.8847068007381935,4,1,5,8.888263747381531,4,1,3,1,0,1,2,1
4.067929712040828,1,1,9,8.477581843048464,5,1,1,5,4,1,8,0
1.973747465730674,3,0,9,8.891961297600885,0,1,7,6,3,0,2,0
9.927560719026056,5,0,4,10.840746228709008,0,0,4,0,5,1,0,1
3.021520435425194,1,1,3,9.558065552429635,5,1,10,7,4,1,7,0
1.5114207357753822,2,0,1,1.073649000194542,1,1,2,0,1,0,1,1
7.904776907035392,1,1,2,1.6597529761179761,4,1,10,6,3,1,8,0
2.7129587114563654,1,1,8,6.307472319515689,0,0,5,3,1,0,3,1
9.859437257555957,5,1,1,10.254841538621164,5,0,6,0,0,0,5,1
7.289673379878388,2,1,8,5.4058527858066325,0,1,9,2,2,1,1,1
10.706013439271624,4,1,7,9.165959223853944,5,0,4,1,1,0,3,1
4.685928130415411,4,0,8,6.467703103194234,4,0,2,0,0,1,6,1
10.049466893514442,1,1,6,1.4860381174946307,5,1,5,8,4,1,1,0
5.16917872096798,2,0,9,9.144698322781743,2,0,3,5,0,1,6,1
6.503710996635588,2,0,3,3.803454899649269,5,0,2,3,3,1,1,1
9.01020858360646,5,1,10,8.216005867219867,5,1,1,0,0,1,9,1
4.267163071328953,3,1,4,0.2537688649970036,4,0,10,4,1,0,6,0
0.11547484813030062,4,1,6,0.4993426729010165,5,0,2,0,1,0,4,1
10.183373203946129,5,1,8,6.538905547284187,4,0,6,3,1,0,2,1
9.808062629334609,0,1,5,2.52269094902497,2,0,8,7,2,0,3,0
1.1011402038106095,4,0,3,10.259109475222706,4,0,3,9,0,1,0,0
1.991052511495825,5,1,6,1.746905469457332,0,0,9,0,5,0,3,0
5.511799975668101,4,1,4,8.91024271256376,4,0,9,3,0,0,5,1
8.977372849017831,3,0,9,3.4471163872504675,2,0,2,6,1,1,7,1
7.383449347492572,0,0,3,1.616838737609287,3,1,8,6,3,0,5,0
5.6954861790007,3,1,4,7.867727050647639,5,1,10,3,2,1,6,1
0.3220148275700181,0,0,7,10.182879993046457,4,1,5,9,4,0,2,0
6.902107364515709,1,1,7,5.029216099689889,5,1,4,1,4,1,3,1
4.478864205976376,5,0,4,4.807547245524709,1,0,10,1,4,1,6,1
6.285210586680398,0,0,6,10.17305866439886,0,1,5,4,0,0,1,0
6.834284314359248,3,1,3,7.246007140283449,0,1,4,0,3,1,1,1
2.740666640189395,4,0,6,8.032110067426206,1,0,8,4,3,1,2,0
10.426600772525777,0,0,2,6.079047437933405,1,0,4,4,1,1,2,1
3.014715295838776,5,0,8,4.4098698586290475,4,0,10,1,1,1,2,1
5.258322222967983,0,0,2,8.902263678207014,1,0,6,4,1,1,4,1
5.509337031741268,2,0,7,6.148613610792543,3,0,2,0,1,1,5,1
8.297591528036246,4,0,9,4.833628420874767,5,1,5,5,1,0,4,0
5.053603981020067,5,1,1,1.9380035909371822,5,0,6,2,0,0,5,1
0.8405768222526344,5,1,8,4.20680812878584,2,1,5,3,3,1,3,1
4.313217336226972,1,0,7,4.067793365038683,1,1,2,1,0,0,5,1
4.960045773668726,3,1,6,2.1410171096046713,1,0,7,3,2,0,1,1
10.102537669617314,1,1,6,5.825286481616424,3,1,4,5,2,1,2,1
9.188308735029379,5,1,6,1.6853939252352788,0,1,8,8,5,1,2,0
5.9442184698071285,4,0,9,5.9839762529181435,0,0,7,1,4,1,2,1
6.917879007483984,0,1,2,3.0167623511942936,5,1,7,4,5,1,5,0
4.348793485169599,0,0,1,4.891204460320615,5,1,9,2,5,0,8,0
0.5819541648901867,4,1,6,9.4159110860749,4,1,1,9,0,1,5,1
5.1540049511086705,5,0,10,8.451562460308008,3,0,10,4,2,1,0,0
6.348577618237627,0,0,8,1.4110330390162638,2,0,6,6,2,1,2,1
10.226033919129836,0,1,3,6.436076552842027,2,0,6,4,2,0,3,0
9.822012957807084,0,1,10,9.162018221353266,3,1,6,1,3,1,4,1
6.014595251967783,3,0,1,4.412051448427853,2,0,6,2,1,1,5,1
5.348987015065049,3,1,9,1.9179252936391131,0,1,10,3,3,1,1,0
3.38372984438986,2,1,1,4.600965834769772,2,0,7,0,0,0,6,1
1.6577541346936016,1,1,3,1.004394221316036,2,1,10,1,1,1,7,1
4.228662140543383,4,0,8,3.028932023713378,3,0,6,1,1,1,2,1
11.049110737273374,4,0,3,9.867203683368794,3,0,1,0,1,1,2,1
9.930958832669258,4,1,4,9.342225238818214,2,1,3,1,2,1,1,1
3.2955680589619663,2,1,8,9.789400591693543,1,0,2,7,1,0,6,0
9.94651426507076,3,1,1,5.488215688599034,3,1,6,5,0,1,5,1
1.9711227973781498,5,0,6,5.433925429641997,4,0,8,5,1,1,2,1
7.126389166517372,5,0,1,2.450541872635903,4,0,3,5,1,1,2,0
5.047310522334679,2,1,1,5.343713377563252,0,1,10,0,2,1,9,1
3.1872279832189694,5,1,8,7.955727892708493,2,1,8,4,3,1,0,0
6.746714214731641,4,1,4,5.773054291923436,1,1,8,2,3,1,4,1
7.148731026558909,1,1,1,4.44502886623773,0,0,5,3,1,0,4,1
2.0697488980737293,0,1,10,1.6963692929569578,2,1,8,0,2,1,2,1
0.8575815311288993,3,1,7,8.899899372849815,3,0,6,8,0,0,1,0
3.9469029549801236,3,0,5,1.6996139750355796,4,1,5,3,1,0,0,1
9.549149717035629,2,1,5,1.7695711729053252,5,1,9,7,3,1,4,0
1.8709124309842828,3,0,1,4.786199105135164,1,1,7,2,2,0,6,1
3.2550621806250373,4,1,10,6.858937111533044,5,1,8,4,1,1,2,0
0.6753175901930595,5,1,6,1.6153514524922352,4,1,1,0,1,1,5,1
1.1476162875203015,4,0,9,8.52552358611566,5,1,2,8,1,0,7,0
2.880883162472191,2,0,9,3.5465485626389697,3,0,8,1,1,1,1,1
4.794740758635135,4,0,8,1.8247720736878195,2,1,9,2,2,0,1,1
3.9094492661001623,5,0,5,1.836434100949265,3,0,4,2,2,1,1,1
1.5885924815921695,1,1,1,9.568010075461961,5,1,10,9,4,1,9,0
1.0683733236996154,2,0,9,3.93673371012647,3,1,10,3,1,0,1,1
6.847894032028017,1,1,1,8.544837829035858,4,1,9,1,3,1,8,1
9.819495388373715,0,0,8,10.34758262416507,1,0,4,0,1,1,4,1
3.3515137822025416,1,1,5,5.8121831696413295,3,0,10,4,2,0,5,0
2.884669166680146,0,1,3,5.347591554783525,4,1,10,3,4,1,7,1
2.5516087860268293,0,1,7,1.2208312820930303,1,0,10,1,1,0,3,1
3.7209712009763005,1,1,7,9.283134987594886,2,1,9,7,1,1,2,0
7.109481957927987,2,1,9,1.5812971373422544,5,1,7,5,3,1,2,0
0.5790891840659238,5,1,7,4.946555442686959,2,0,2,5,3,0,5,0
8.782343834108556,4,0,3,1.2880209439011967,0,0,9,8,4,1,6,0
8.342081604304477,4,1,1,3.089264584860239,4,0,4,5,0,0,3,0
9.592621998588227,5,0,8,3.017731980948538,1,0,8,6,4,1,0,0
10.088075225943847,0,0,3,4.259427137689142,3,1,7,5,3,0,4,0
9.375089830205319,0,1,8,8.998815541933595,2,0,7,1,2,0,1,1
1.8673812297648988,2,0,8,3.7281965519534737,1,0,8,2,1,1,0,1
3.0168595274505265,3,1,5,9.996018317979654,4,1,1,6,1,1,4,0
9.134296790522148,1,0,1,10.916948273012189,0,0,5,1,1,1,4,1
6.442588906323793,0,1,10,2.566038768624423,2,0,2,4,2,0,8,0
4.5984554743806765,4,0,7,8.27856880920174,5,0,2,4,1,1,5,0
9.701552607634014,2,1,10,1.3746412784397257,1,0,1,9,1,0,9,0
4.162765269773377,1,1,5,8.701260570987799,5,1,5,4,4,1,0,0
1.9454882900182682,2,1,8,8.252229231750897,1,1,2,7,1,1,6,1
8.01718765451323,1,1,9,9.99385077534597,1,0,4,2,0,0,5,1
4.08029471658588,1,0,7,1.9135771625929445,4,0,3,2,3,1,4,1
9.68106620184254,5,1,7,3.7821177515146904,4,1,3,5,1,1,4,0
4.881775581632071,0,0,1,8.221158434082243,4,0,2,3,4,1,1,1
8.940190187815615,2,0,4,6.6246351964972,3,0,6,2,1,1,2,1
3.448407809383453,2,0,2,0.42400122621042846,1,0,2,3,1,1,0,1
10.410276751443948,5,1,2,5.054541485174916,2,0,8,5,3,0,6,0
5.092154532039052,4,0,2,7.192985046284438,5,0,8,2,1,1,6,1
8.789986136352919,4,0,4,3.4116775280499736,4,0,5,5,0,1,1,1
7.047662653267269,0,0,1,1.4640453054955405,4,0,10,7,4,1,9,0
3.7222060975275437,0,1,4,8.114759431111962,5,0,7,6,5,0,3,0
0.3861600177719714,3,1,2,4.710943270642178,5,0,4,4,2,0,2,1
2.704360995315147,5,0,5,1.8709957319011954,1,1,1,1,4,0,4,0
4.179172255538002,4,1,3,7.681888143674035,4,1,2,4,0,1,1,1
1.4017210356916567,1,1,8,1.7174697632244038,5,1,10,0,4,1,2,1
0.25324511087342827,2,0,4,3.935537241154057,3,0,10,2,1,1,6,1
5.938026208649667,0,0,1,9.57455795548055,3,0,4,3,3,1,3,1
8.360498476452818,2,1,1,2.220610861235957,4,1,1,7,2,1,0,1
6.727406877636839,2,0,10,2.218563389865526,5,0,8,5,3,1,2,0
6.463635046236665,3,1,3,7.046027568655996,1,1,9,2,2,1,6,1
0.5028224671845634,4,1,9,10.238120176693833,1,0,4,9,3,0,5,0
6.539274488285539,0,1,7,3.264963874625976,1,1,10,5,1,1,3,1
6.717303514857299,2,1,2,5.503203498034276,0,1,3,1,2,1,1,1
9.121567327569245,0,1,9,2.4397910405318055,4,1,2,6,4,1,7,0
2.7648983306073442,1,1,10,3.6225669017140394,1,0,5,1,0,0,5,1
9.306166107001257,3,0,2,8.01607157348228,3,1,3,1,0,0,1,1
0.5107058050056728,1,0,3,2.1371144375937132,5,0,10,2,4,1,7,1
0.30920414076820946,0,1,10,10.011169619659304,2,0,7,9,2,0,3,1
3.100892630295446,0,1,2,6.846773566706836,2,0,6,2,2,0,4,1
7.888212916031401,4,1,3,1.0757036953123889,1,0,1,8,3,0,2,0
5.740965490262472,2,0,6,6.853657270512362,2,0,8,1,0,1,2,1
2.8495098438033892,2,1,9,7.690919775658187,2,0,2,5,0,0,7,0
0.6842814862584083,1,0,9,8.449255852275781,0,0,5,7,1,1,4,0
4.621702898593581,3,1,7,2.587083613380976,3,1,9,1,0,1,2,1
9.614015104804068,5,1,3,10.923197960299625,3,1,8,1,2,1,5,1
2.832598506277749,2,0,4,1.9666798738571787,0,1,2,2,2,0,2,1
8.103039443404018,4,0,6,9.128375399330894,0,0,9,0,4,1,3,1
6.716647445972473,1,1,5,5.994242455961677,2,0,5,1,1,0,0,1
3.7000893030414694,1,1,2,9.51532990412078,4,0,10,5,3,0,8,0
2.671432518860971,5,1,6,7.547399251113663,5,0,6,4,0,0,0,0
9.651140548050877,4,0,3,0.5970041344702923,5,1,3,9,1,0,0,0
4.673268552137596,3,0,8,0.736722433431649,2,0,3,4,1,1,5,1
4.80672919205112,4,0,2,5.338826282658352,5,1,10,1,1,0,8,1
2.6822294505922217,3,0,1,5.204532469167028,0,0,8,2,3,1,7,1
9.104161254312796,4,0,9,9.333313941728445,3,1,10,0,1,0,1,1
4.180184357952431,4,0,3,1.3250371810693635,5,0,10,2,1,1,7,1
4.544677456408755,0,1,1,7.7724005475919204,2,1,2,3,2,1,1,1
4.6355326630035165,1,1,7,4.326373041209325,4,0,2,1,3,0,5,0
4.5099688490796925,4,0,10,1.5506000948780811,2,1,5,3,2,0,5,1
6.191099693092331,5,1,5,10.27550853011315,1,0,6,3,4,0,1,0
9.190389035682525,4,1,5,5.63325896666086,2,1,2,3,2,1,3,1
6.59129593279283,2,0,1,9.84958702198385,0,1,5,3,2,0,4,1
5.160645735378694,1,1,9,7.186344136026342,3,0,7,3,2,0,2,1
8.798165699449735,2,0,7,4.093495104862332,3,1,10,6,1,0,3,0
10.696227970741534,1,0,8,1.9778633400776755,5,0,10,8,4,1,2,0
7.3361467040202015,2,1,9,4.635520374983419,0,0,8,2,2,0,1,1
9.2497617254185,4,0,6,1.905492851158763,1,0,7,8,3,1,1,0
4.260611438076857,4,0,5,2.090147440251722,0,1,8,3,4,0,3,1
3.836132952048764,0,0,6,5.592565925545328,2,1,9,3,2,0,3,1
6.631310048251021,5,0,2,9.26186872799911,0,0,5,3,5,1,3,1
1.5829075756336881,2,0,4,9.902787216343407,0,0,5,7,2,1,1,1
7.866973952925359,3,0,3,3.683363647644864,1,1,10,5,2,0,7,0
9.824610897199223,0,0,7,5.951619948406555,2,1,4,4,2,0,3,0
9.886140192582124,2,0,9,7.505419867510157,4,1,9,3,2,0,0,1
1.3577465483847426,2,1,5,7.7645275937852425,4,0,5,5,2,0,0,0
5.300460785907762,0,1,6,7.377756775055567,3,0,2,2,3,0,4,0
6.239856603879695,4,1,10,4.224913606863255,5,0,10,3,1,0,0,1
8.225481317388239,2,0,2,0.6462238573529469,0,0,8,7,2,1,6,0
10.503365035613532,4,0,3,6.7306048477116445,3,0,7,3,1,1,4,1
8.214423824441058,0,1,3,2.639893989496605,1,1,8,6,1,1,5,0
2.5407570431498705,4,1,9,5.437172516099707,4,0,3,4,0,0,6,0
10.01877092074341,1,1,7,1.9793543191076692,0,1,4,8,1,1,3,1
2.545902669537323,3,0,8,8.262748656475882,1,1,5,7,2,0,3,0
4.964889819241192,2,1,10,1.4734037832559352,5,0,6,4,3,0,4,0
3.738861041256025,5,1,9,6.027501468016688,1,1,1,1,4,1,8,0
5.92401630884198,3,0,6,6.21121748645072,0,0,4,0,3,1,2,1
3.5300719093356347,4,1,4,4.766905694026889,5,1,10,2,1,1,6,1
7.553126990458143,2,0,1,4.816398032894126,1,0,5,3,1,1,4,1
0.8060175155462739,4,0,8,1.143781952583664,5,0,7,0,1,1,1,1
5.911933248224511,1,0,7,9.417974683797087,0,1,5,4,1,0,2,0
2.550243060065759,0,1,2,4.821004782793332,0,0,1,1,0,0,1,1
1.8356737877187381,2,1,8,1.570193243060773,5,1,7,1,3,1,1,1
6.549312160051413,1,0,5,6.554715594704493,2,0,8,0,1,1,3,1
9.2528677162364,1,1,7,1.9450808796871792,3,0,7,6,2,0,0,0
3.9566494319258956,2,1,4,4.669663294739999,1,0,4,0,1,0,0,1
4.62880952817968,4,1,5,2.6567306234231154,1,1,8,1,3,1,3,1
6.203028061214041,5,1,8,3.581688027581775,2,1,5,3,3,1,3,1
2.8825378642395125,1,0,1,4.534396160697146,2,0,10,1,1,1,9,1
5.55324245374036,3,1,1,4.357000146741753,2,1,9,1,1,1,8,1
7.398925350691069,1,0,4,0.45579438216357715,4,0,10,6,3,1,6,0
9.063279348022691,5,0,3,5.280251479677842,4,1,5,6,1,0,2,0
10.322945210137947,4,1,10,8.875462970963572,5,1,1,2,1,1,9,1
2.4504776242225637,4,0,2,9.984240743335947,4,0,9,7,0,1,7,1
7.6261418309783195,3,1,3,7.1286865532086745,0,0,5,0,3,0,2,1
3.0806497713313474,1,1,1,8.684576798526406,5,0,6,6,4,0,5,0
2.322061883925054,4,0,1,5.21617635710017,1,0,4,3,3,1,3,1
10.04099440691236,5,0,6,9.641409049638764,3,0,6,0,2,1,0,1
3.1238114524295018,2,0,5,2.9838231178508074,0,1,8,0,2,0,3,1
7.56963541830233,0,0,8,7.339222106744474,1,1,3,0,1,0,5,1
9.33619466880569,0,1,2,9.010546373925294,1,0,5,0,1,0,3,1
7.083327908679922,0,1,4,6.434466382248706,5,0,2,0,5,0,2,1
1.590494952652836,1,1,8,6.966361267543233,2,0,2,6,1,0,6,0
3.201637281518586,3,0,6,4.4626694802835685,2,1,7,2,1,0,1,1
8.51664905464867,4,0,1,3.6088230387490032,0,0,10,5,4,1,9,0
0.601967931139683,2,0,4,10.426582653206596,2,0,10,9,0,1,6,0
9.05145869526162,5,1,1,1.1237402738200524,1,1,10,8,4,1,9,0
6.842977966999947,2,0,2,9.995167789343327,2,1,6,2,0,0,4,1
1.8367209428114926,5,1,5,10.439481986535325,4,1,4,9,1,1,1,1
6.220873368188778,1,0,8,7.240304296673673,2,1,5,1,1,0,3,1
5.613517298524436,0,1,8,1.7232816456256836,1,0,1,4,1,0,7,0
5.209698029595415,1,1,3,0.77007036884243,5,1,7,5,4,1,4,0
10.622282580177627,3,0,4,4.785182510736246,0,1,8,5,3,0,4,0
6.115749455513875,3,0,10,8.349445366804327,3,0,9,4,0,1,1,0
5.339560822311341,5,1,6,5.78550964131379,2,0,8,0,3,0,2,1
5.385700897451883,4,1,10,3.482384947151223,1,0,5,2,3,0,5,0
5.000554972343647,4,0,3,3.649993686131067,3,1,3,2,1,0,0,1
3.2277830758758776,5,0,2,7.480152584043334,3,0,10,3,2,1,8,1
3.246441985925935,3,1,6,5.102904066725282,4,1,9,3,1,1,3,1
3.416801602418674,3,0,5,9.541572606330368,3,1,6,6,0,0,1,1
3.6994367236655767,3,1,10,5.0807406883639645,5,1,5,2,2,1,5,1
9.582958260127612,1,1,5,5.449058662061174,1,0,3,4,0,0,2,0
1.1666182966054013,3,0,10,9.816107736714473,1,1,6,8,2,0,4,0
8.252621926775177,2,0,5,7.351266656966928,2,0,3,2,0,1,2,1
1.0682986977943763,0,0,10,0.33377582605271705,2,0,10,0,2,1,0,1
1.012692638986136,3,0,5,7.585583816353074,2,0,6,6,1,1,1,1
4.6417132557879475,5,0,3,2.2675126269475556,5,1,4,2,0,0,1,1
6.4047972179859425,0,1,7,8.66577254457341,3,1,2,3,3,1,5,1
6.265447157107975,1,1,6,5.5009526861154825,3,1,8,0,2,1,2,1
3.4290695354670078,5,0,4,8.12285757358875,4,0,4,6,1,1,0,0
6.938431782323867,0,0,2,5.047263783794234,5,1,9,2,5,0,7,0
9.30129013398917,5,0,9,7.903044558918481,2,1,7,2,3,0,2,1
9.777174848485004,1,1,1,5.333452611160005,0,1,2,6,1,1,1,1
9.026909345043297,2,0,4,7.048577893543124,4,1,4,1,2,0,0,1
5.593727114939007,1,0,1,1.5583406375337612,0,1,5,5,1,0,4,0
9.052648714729155,1,1,6,7.116047318964268,3,0,3,1,2,0,3,1
5.0174439735447045,5,1,4,8.249441597384106,4,0,9,3,1,0,5,1
7.312244555215629,4,0,5,4.82892567443638,4,0,5,3,0,1,0,1
10.6840396752443,3,0,5,2.097538462711301,1,0,2,8,2,1,3,1
4.06295069419748,3,0,9,5.268739352303214,3,1,3,1,0,0,6,1
10.42556204919012,2,1,1,5.710770135561834,3,0,9,4,1,0,8,0
8.611927959271297,2,0,2,1.961252850053506,5,1,7,6,3,0,5,0
10.168977777072513,3,0,6,5.970784940501256,4,0,2,4,1,1,4,0
1.7038795775935927,4,0,5,6.413201658665263,3,0,9,4,1,1,4,1
5.487856688834625,3,1,7,0.4669839141861597,4,0,4,4,1,0,3,1
9.000377753727298,4,1,3,0.9742288956961742,5,1,9,8,1,1,6,0
4.342928909304209,2,0,3,10.956002734526349,5,1,2,6,3,0,1,0
4.923134713104269,0,0,10,3.582030076292969,1,0,10,3,1,1,0,1
1.223490858504926,5,1,2,10.674589524444352,4,1,4,9,1,1,2,0
8.680707087427486,2,1,3,10.012215920089018,3,0,5,1,1,0,2,1
1.8266548185892653,2,1,10,3.1604987818430117,3,0,2,2,1,0,8,1
5.311543673944548,1,1,1,4.501118083351463,4,0,10,1,3,0,9,0
4.119928872924648,1,1,5,2.7801277647654654,4,1,1,2,3,1,4,1
3.243154996675111,1,1,5,8.024198543558557,4,0,7,6,3,0,2,0
5.5007795735616405,5,1,7,9.342279346475078,2,0,10,4,3,0,3,0
2.811628345264027,1,1,4,7.654722050701324,3,0,1,5,2,0,3,0
3.9956852092084523,4,1,3,6.861555322115598,5,1,8,4,1,1,5,1
5.1964567552741086,3,0,1,5.664139605370961,3,0,3,1,0,1,2,1
9.795201784286819,0,0,8,2.372919506502198,2,1,10,6,2,0,2,0
1.7154259006637331,2,0,3,5.722491649227945,4,0,6,4,2,1,3,1
9.60144321688751,4,1,2,7.2988153582880875,1,1,7,2,3,1,5,1
8.020462374364461,0,0,4,9.045547136366238,4,0,10,0,4,1,6,1
2.217470519183949,4,1,3,8.988781974009713,4,0,1,7,0,0,2,0
4.80300665937844,4,1,1,0.9710247291186412,2,1,6,4,2,1,5,1
7.268884095184242,2,0,3,1.294038337583916,3,1,7,6,1,0,4,0
8.153194741036707,3,1,2,3.481172584633285,4,0,6,5,1,0,4,0
0.5008466123544726,1,0,8,3.4729440782773198,3,1,4,2,2,0,4,1
6.25939650872586,5,0,6,10.536810971953786,0,0,1,4,5,1,5,0
1.4317641212607606,3,0,9,7.684577224604572,5,0,9,7,2,1,0,1
2.0857346587951953,5,1,8,9.85106659752157,3,0,4,8,2,0,4,0
1.5763240516308463,2,0,10,1.3845158277211378,1,1,7,0,1,0,3,1
4.391298103251524,2,1,3,1.73630546918019,5,0,7,3,3,0,4,1
10.233975211065927,2,0,5,1.9974466839863876,1,1,2,8,1,0,3,0
8.414859646801613,0,0,7,3.199381882212407,4,0,1,6,4,1,6,0
5.442959320883456,5,0,5,6.392592541155188,5,1,8,0,0,0,3,1
0.6845345831311049,3,1,8,0.11115951881489938,3,1,8,0,0,1,0,1
0.5289699082128776,3,1,5,2.3573728249444725,5,0,7,1,2,0,2,1
1.726002090629431,4,1,1,0.8831379710741373,4,1,8,1,0,1,7,1
8.892924844644405,4,0,5,5.35372885543219,2,0,3,4,2,1,2,1
3.418577243165692,4,0,4,7.388465846177414,1,0,2,4,3,1,2,0
0.8394204806471488,2,1,6,8.803957530559579,4,0,7,7,2,0,1,1
4.207187146615204,3,1,3,10.676726823810602,2,0,8,5,1,0,5,0
7.57003392324758,5,1,5,1.6732858313051482,5,0,1,6,0,0,4,0
5.5814549331924805,2,1,2,7.721835159583119,5,1,10,1,3,1,8,1
0.9706397864476857,0,1,6,5.145689492407973,4,0,9,4,4,0,3,0
5.223268253470356,4,1,6,10.01609254351842,3,1,4,5,1,1,2,1
5.099805209201391,2,0,5,1.4364085415891672,5,1,4,4,3,0,1,0
6.547089773760738,2,1,6,3.3660404757165114,3,0,3,3,1,0,3,1
3.2395015716963793,0,0,7,6.84546688163087,3,1,6,4,3,0,1,0
4.569345210151446,1,0,5,10.202411704404135,3,0,1,5,2,1,4,0
8.08928108699583,3,1,1,0.9824517666077028,0,1,6,6,3,1,5,0
5.097166731669117,5,1,8,6.573033545769972,2,1,2,2,3,1,6,1
4.926329886689247,1,0,4,5.645230370688175,2,1,9,0,1,0,5,1
5.481962711527785,4,1,9,1.0275996212650447,5,0,2,4,1,0,7,0
10.124725472965036,2,1,10,2.024354128849425,5,1,7,9,3,1,3,0
10.199614096469663,0,0,6,0.18725386490008367,3,0,1,9,3,1,5,0
4.246091999300344,0,0,1,8.721610613578317,0,1,7,6,0,0,6,0
0.8624392858724766,3,0,3,3.016319418345436,3,1,5,2,0,0,2,1
4.8411195529913025,1,1,3,5.568690548814457,0,1,8,0,1,1,5,1
9.058289256006232,3,0,10,10.199734686301092,3,1,4,1,0,0,6,1
1.5357579677905193,2,1,4,9.155236377090375,1,0,10,8,1,0,6,0
2.2467329849048006,3,0,6,5.436368103722926,1,0,7,3,2,1,1,1
3.0172220542617474,5,0,7,8.421529301385265,4,1,6,5,1,0,1,1
0.7064423646899263,0,0,10,8.161252330144952,3,1,5,7,3,0,5,0
0.1830385204703564,0,1,4,7.317947003090821,5,0,4,7,5,0,0,0
7.787584326237181,4,1,6,0.7340611248553357,2,0,7,7,2,0,1,1
2.2512498480646452,4,0,1,9.25045866454293,4,0,5,7,0,1,4,1
7.5546255682238685,2,0,8,5.508837863861612,5,0,5,2,3,1,3,1
6.286586711609329,5,0,7,9.802677981180903,1,1,1,2,4,0,6,0
10.034668580857675,1,1,9,3.611968172118945,3,1,2,7,2,1,7,1
10.431271742307585,3,0,3,2.2142900008308497,4,0,5,7,1,1,2,1
1.1525132807416938,2,1,2,5.533814378409007,3,0,3,4,1,0,1,0
6.410116199152992,4,0,1,7.857111377752525,1,0,2,3,3,1,1,1
6.408653101869163,3,0,3,6.608704318725933,4,0,4,1,1,1,1,1
3.477042551078314,4,0,5,3.3831942382861997,1,0,4,0,3,1,1,1
2.609240107435843,3,0,2,2.7930525288625714,0,0,4,1,3,1,2,1
2.1010069623298078,1,0,3,2.230398621807984,1,1,4,1,0,0,1,1
5.821953975690472,2,0,4,8.238832840859128,3,1,3,3,1,0,1,1
5.054785790038929,3,1,7,3.3989876272909525,2,1,7,2,1,1,0,1
8.791780783375987,5,0,3,4.722445386035825,1,0,9,4,4,1,6,0
1.0009884223779053,0,1,9,9.006084841141453,5,0,5,8,5,0,4,0
7.766436677818156,5,0,8,7.953562749303473,2,0,4,1,3,1,4,1
4.327492758034666,5,0,4,1.364225739553858,0,1,2,3,5,0,2,1
4.569475163917212,0,1,1,2.423457834130109,4,0,2,2,4,0,1,0
2.6885904682522805,5,0,1,2.483897234501713,4,0,5,0,1,1,4,1
3.5100182534510447,3,1,1,8.199496078750848,2,1,7,5,1,1,6,1
6.818434176591461,3,1,1,6.5250245207767135,4,0,10,1,1,0,9,1
6.42720100056036,3,0,8,6.162329117751259,1,1,10,0,2,0,2,1
2.1706079212460168,0,1,3,9.071495317404608,2,1,9,7,2,1,6,0
6.750137304500494,5,1,6,7.136994690666617,3,0,7,2,2,0,1,1
2.0372547969133863,0,0,3,3.864816651619415,1,1,5,2,1,0,2,1
2.512816056936291,3,1,5,3.986307839798128,1,0,10,2,2,0,5,1
3.32100595524631,5,0,7,9.976553599136286,1,1,10,7,4,0,3,0
3.299049577523733,5,0,2,1.3434783160493387,3,0,10,2,2,1,8,1
2.024664082897422,4,0,6,2.768030590854764,0,1,6,0,4,0,0,0
4.36122349261049,4,0,6,2.298768852947364,5,0,3,2,1,1,3,1
8.817359570898057,1,1,3,5.644348386525261,4,1,5,3,3,1,2,1
7.193983852762366,2,0,6,4.058562108074925,2,1,8,2,0,0,2,1
1.0900355188479907,4,0,10,10.118111823132116,0,1,1,9,4,0,9,0
7.863533339887244,0,1,10,2.530422215114659,2,0,1,5,2,0,9,0
6.582155497489982,4,0,5,2.8078063117035392,4,0,7,4,0,1,2,1
10.54861009580322,1,0,2,2.897116503161414,3,1,5,7,2,0,3,1
3.4335937064138693,5,1,9,6.802809916282559,1,0,5,3,4,0,4,0
0.7513228142929533,1,1,8,6.95962973730451,1,1,1,7,0,1,7,1
5.288225672561211,5,1,3,7.602909210358021,3,0,9,2,2,0,6,1
3.2457220158935716,5,1,8,3.5316023825203087,0,1,1,0,5,1,7,1
10.092485287536578,2,1,9,3.313960406365193,0,0,5,6,2,0,4,0
8.226378176038347,4,1,3,10.589971065019231,2,1,10,2,2,1,7,1
1.8536649047796114,0,1,3,2.3659490346171905,3,1,9,1,3,1,6,1
9.614590598635655,0,0,2,1.6272593511905948,0,1,4,9,0,0,2,0
0.3608236855988378,3,1,8,9.400350973772788,3,1,8,8,0,1,0,1
3.5522860195374792,5,1,10,3.029922500868701,4,0,6,2,1,0,4,1
7.33171574984254,0,1,1,8.279361918472242,1,1,3,0,1,1,2,1
5.668328678879492,2,0,8,8.92176131193842,1,0,4,4,1,1,4,1
2.7743196475120184,5,0,7,4.171463188660671,1,0,2,2,4,1,5,1
6.160108288974414,2,1,7,8.621734564172982,3,1,1,2,1,1,6,1
5.610647472842574,0,1,3,8.610312337369942,3,0,8,4,3,0,5,0
2.066979190290118,0,1,1,9.67405570873431,2,0,1,8,2,0,0,0
2.952444176149617,3,0,4,9.845519992701046,1,0,1,7,2,1,3,1
8.833481190473119,0,0,9,3.947708600617334,2,1,4,4,2,0,5,1
6.844804504311218,5,1,5,7.0690392042087735,1,0,10,0,4,0,5,0
6.226099221845485,5,0,1,9.056935648024487,2,0,10,3,3,1,9,1
6.132127381803669,5,1,5,4.02652965646631,2,1,6,2,3,1,1,1
7.979833044892978,3,0,8,1.4326448780676249,4,1,9,7,1,0,1,0
4.372680362038938,3,0,8,2.761561769678082,2,0,1,1,1,1,7,1
8.046761748219305,0,1,5,5.838557935093435,3,1,7,3,3,1,2,1
3.918648149215454,1,1,9,2.269749550290756,2,0,10,1,1,0,1,1
7.564403484996185,1,1,1,7.595630340815916,1,0,5,1,0,0,4,1
9.036076618410881,3,1,4,9.33756852820346,2,0,8,0,1,0,4,1
3.369118615408081,0,0,3,5.141983375844656,0,1,7,3,0,0,4,1
2.42833050445807,1,0,2,11.355397149520266,5,0,4,7,4,1,2,0
2.0437368768403696,0,0,8,0.9681273572480169,1,1,4,1,1,0,4,1
10.116521475764742,0,1,7,6.5612579889221845,0,1,6,3,0,1,1,1
2.6409676081908677,0,0,9,2.2964564026079914,1,0,6,0,1,1,3,1
2.7060718475459997,4,1,2,4.889990986170163,3,1,9,2,1,1,7,1
5.1153054243831075,5,0,4,9.936296563805021,5,1,5,5,0,0,1,0
4.433289490853689,0,1,6,4.051322764269832,5,1,8,1,5,1,2,1
2.1749618576246963,4,1,3,9.85110192188802,3,1,5,8,1,1,2,1
9.5523228131704,3,0,8,5.316612655057547,5,1,2,5,2,0,6,0
6.5314268465166085,1,1,3,4.806185083668376,3,0,6,1,2,0,3,1
6.16891387269415,5,1,2,5.032517941379765,0,1,9,1,5,1,7,0
5.56962159914909,1,0,3,9.925319252175179,4,0,3,4,3,1,0,0
1.2671039311873373,5,1,6,8.816261173313361,1,0,1,9,4,0,5,0
4.636629047558991,1,1,2,6.176885315445695,3,0,1,1,2,0,1,1
9.520477086898895,5,1,8,7.510349884858682,1,0,3,1,4,0,5,0
9.367370795457392,1,0,1,8.0816801774579,0,0,10,2,1,1,9,1
2.240293379213856,1,0,7,9.657037490762303,4,0,5,7,3,1,2,0
0.5635055165553237,1,1,2,7.525625652366,0,1,3,7,1,1,1,0
9.896507705450816,1,0,10,2.530628129256059,5,1,9,8,4,0,1,0
8.484487362426346,3,1,6,9.783305216656924,1,1,8,1,2,1,2,1
10.411175235447876,0,1,2,1.8765974010327926,4,0,3,9,4,0,1,0
8.581509822780207,2,1,2,9.817423693400894,5,1,9,1,3,1,7,1
9.275982129665914,4,1,10,1.5797535072466542,4,1,6,7,0,1,4,0
5.827950985868833,2,1,8,2.343619225197644,5,1,7,4,3,1,1,0
7.9427638141005685,2,0,2,2.782105135188182,0,0,4,5,2,1,2,0
1.0738779537000642,5,1,7,9.579275242935497,3,1,4,9,2,1,3,1
9.619087664170575,0,0,3,6.761080074648104,1,0,2,3,1,1,1,1
4.105183556770443,5,0,8,1.9776967339084992,2,1,5,2,3,0,3,0
1.7651672821772055,0,1,7,1.671090065622427,2,0,8,0,2,0,1,1
7.610952607083643,0,1,8,5.032956127270212,0,0,7,2,0,0,1,1
1.5859050716369225,1,0,7,9.01154032947521,1,0,7,8,0,1,0,1
3.7490488167438922,3,0,6,3.3124517973270216,1,1,6,0,2,0,0,1
3.591922505485978,1,0,7,6.096724287495898,0,1,3,2,1,0,4,1
7.272472697454724,3,1,5,3.654932584716767,1,0,5,5,2,0,0,0
6.150980450085882,5,0,7,0.9628273351207379,3,1,1,5,2,0,6,0
9.726296238616564,3,1,1,4.907724278907027,0,0,7,5,3,0,6,0
7.934301609581501,5,1,1,10.296164773506671,3,0,9,3,2,0,8,1
8.017403770249915,2,1,9,4.049656907475675,1,1,1,4,1,1,8,1
1.5989002959824103,2,0,5,6.804795630859765,0,1,2,5,2,0,3,0
9.426420244494144,3,1,5,6.25807201979319,1,1,3,4,2,1,2,1
8.544952479545415,3,1,3,9.673735853391678,0,0,3,2,3,0,0,1
2.714408012957907,5,1,5,6.694411423990337,1,0,8,4,4,0,3,0
7.021914399730214,1,1,3,4.7360029891171935,3,1,7,2,2,1,4,1
3.47790137255624,5,1,9,4.676534580083204,3,0,6,1,2,0,3,1
6.757870824034585,1,0,9,5.389491822007143,1,1,10,0,0,0,1,1
1.9770355856299198,2,1,6,7.197799417381471,0,0,10,5,2,0,4,0
9.99171579508874,0,1,1,6.017135907100111,2,1,4,4,2,1,3,1
6.341662255758046,3,0,7,7.15956477038094,3,1,9,2,0,0,2,1
3.295372167755163,1,1,7,4.154863389568001,3,0,1,1,2,0,6,1
2.8899431343725857,5,0,10,10.237875995915767,5,1,2,7,0,0,8,0
9.031824530748258,2,1,10,5.2948196156787,2,1,4,4,0,1,6,0
6.814110494238256,1,0,4,2.6740859684775256,1,0,3,3,0,1,1,1
4.261193796540278,5,0,8,1.6831947059272192,0,1,1,4,5,0,7,0
10.128800428699064,3,1,6,7.63113164765758,5,0,5,2,2,0,1,1
7.946095880416534,3,1,4,1.343283873376588,1,1,7,6,2,1,3,1
8.558140429654468,4,1,4,5.370536890341143,4,0,2,4,0,0,2,0
0.6134851451986485,0,0,2,5.5616514571903535,3,1,5,5,3,0,3,0
6.564636114178129,4,0,2,6.330229976175775,4,1,6,1,0,0,4,1
6.362295889361561,2,0,4,4.807253379543821,3,1,7,1,1,0,3,1
10.22424272709822,1,1,5,1.9643114103309214,3,1,1,7,2,1,4,0
8.920731153791772,2,0,8,5.583870962763889,4,0,7,4,2,1,1,1
0.5409904691805175,5,0,6,7.61247751849188,4,0,4,7,1,1,2,1
4.0461883958199625,3,1,4,1.5727532686309729,1,0,8,2,2,0,4,1
8.217688936332097,4,0,7,5.798467065981639,5,0,4,3,1,1,3,1
4.071713283428746,4,0,8,9.136118362663694,5,0,6,5,1,1,2,1
10.435762193043967,4,1,2,7.971364794588949,4,0,9,2,0,0,7,0
2.374400431683161,2,0,7,8.274033462353586,1,0,5,5,1,1,2,1
8.233740861585169,3,1,2,7.330255316735671,5,1,4,1,2,1,2,1
2.78971894584743,1,1,2,6.628806814784633,1,1,8,5,0,1,6,1
3.6941201802477077,5,1,8,7.942001463839233,1,1,9,4,4,1,1,0
6.567973922971911,1,1,2,6.948943646329353,3,1,4,0,2,1,2,1
1.923001167401084,2,1,9,1.9430937307931209,5,0,3,0,3,0,6,0
7.919022591529337,5,0,1,2.5426111318308156,5,0,8,6,0,1,7,0
8.219206349748323,4,0,9,8.019277584392158,3,0,5,0,1,1,4,1
0.5580005716267797,0,1,1,0.7581706812812158,4,1,2,0,4,1,1,1
3.0662485717478227,2,1,10,5.87663778794278,3,0,10,3,1,0,0,1
9.809255292587954,2,0,10,5.91579014398556,5,1,9,4,3,0,1,0
8.339753278297485,3,1,2,4.301822869480369,5,0,3,5,2,0,1,0
5.1687410373631995,1,1,6,10.687305633788277,4,0,2,5,3,0,4,0
5.868346096561042,2,1,6,3.1798404238431606,3,0,1,3,1,0,5,1
3.921487585777646,2,0,1,3.593538839370878,0,0,8,1,2,1,7,1
9.39491952829292,4,0,7,0.5176051311851573,0,1,3,9,4,0,4,0
2.795700183881402,4,1,8,2.7926847455929846,4,1,7,1,0,1,1,1
8.438357093193058,5,1,2,3.637848732896167,3,0,1,4,2,0,1,0
6.482077942085989,0,0,8,5.1572222954374265,3,1,1,1,3,0,7,0
4.847277648779159,3,0,9,2.820520807410293,1,0,9,2,2,1,0,1
8.13540855524829,0,1,6,6.364886468517097,5,0,8,3,5,0,2,0
1.9764586912447553,5,1,5,4.534499144183779,2,0,3,4,3,0,2,0
4.969451245997066,4,0,9,3.0215154866606406,4,0,6,2,0,1,3,1
5.625600101989973,1,0,9,6.343428955506128,2,1,3,0,1,0,6,1
5.2084007872415565,4,0,1,4.967348612479695,2,0,4,1,2,1,3,1
6.5835603940016485,3,1,3,9.060815653665102,4,0,1,2,1,0,2,1
5.9884747219572665,4,0,9,1.8584240575600621,3,1,5,4,1,0,4,0
7.639287583969687,3,1,2,-0.012519956838086488,4,0,1,6,1,0,1,1
4.541499969258434,3,0,4,4.079046949288393,2,1,1,0,1,0,3,1
7.461809406298971,3,0,4,7.016721733986575,5,0,10,1,2,1,6,1
6.663104947170262,5,0,2,9.959052810213754,5,0,7,3,0,1,5,1
9.478768581639883,3,0,3,3.495595556463333,5,0,6,6,2,1,3,1
5.643693718094781,3,1,3,3.373722485713528,3,0,2,4,0,0,1,0
2.9252721534175055,1,1,1,5.148938095511922,0,0,2,2,1,0,1,1
2.284584399187664,0,0,6,5.225077816973323,4,0,7,2,4,1,1,1
7.761723099283238,2,1,8,9.947820775280956,5,1,1,2,3,1,7,1
4.850589955485398,0,0,3,3.8877454246200243,4,0,2,2,4,1,1,1
3.820877811046246,3,0,5,8.260401990821117,5,1,8,5,2,0,3,0
7.723869373943696,1,0,1,4.069825837107948,3,1,6,4,2,0,5,0
5.451428175185593,4,0,10,3.0325123155943903,0,0,2,3,4,1,8,1
3.145955633409343,1,1,7,2.4066402030322966,0,1,7,0,1,1,0,1
4.933731002080675,3,0,10,9.57807306128755,5,0,4,6,2,1,6,1
3.4189670898718587,1,0,1,8.128163698801732,3,1,2,5,2,0,1,1
6.791058375651784,1,1,9,4.078411508049097,1,0,6,2,0,0,3,1
5.800267254763574,3,0,8,3.140615246109302,4,1,9,3,1,0,1,1
1.0645937366658553,5,0,7,7.744799704723825,4,1,9,6,1,0,2,0
7.968363020051542,1,0,10,7.364818976837457,2,0,8,0,1,1,2,1
5.670125679373017,2,1,7,2.57734688335836,3,1,3,4,1,1,4,1
3.4919261718030734,2,0,5,8.18370718201356,2,0,3,4,0,1,2,1
9.062943265288329,1,1,5,4.811117556238761,5,0,2,4,4,0,3,0
1.7617242883903792,5,0,5,4.354528890253388,2,0,5,3,3,1,0,1
7.347705278099764,4,0,1,2.7965128168133147,0,0,4,5,4,1,3,0
9.55320249314044,3,1,8,5.007002483685691,4,0,7,5,1,0,1,0
2.1793099421989517,2,0,1,2.2818939375034573,2,1,4,1,0,0,3,1
5.006111774207585,4,0,4,3.7043026350809765,0,1,9,1,4,0,5,0
5.401667203857802,1,1,9,6.777599267073671,3,1,2,0,2,1,7,1
9.86721974374073,4,1,9,0.44273384249596914,2,0,6,9,2,0,3,0
6.685050926805186,0,1,5,9.1303974239136,5,1,7,4,5,1,2,0
4.599649786460793,2,1,4,4.553355212143659,5,1,4,0,3,1,0,1
2.983861552948691,1,1,3,4.8626894843969,5,1,6,3,4,1,3,1
3.956457636928425,3,0,3,8.897935115563643,4,1,7,5,1,0,4,0
1.9399372747105041,5,1,5,3.558840564604024,2,1,4,1,3,1,1,1
4.260378060179356,1,0,10,6.993978223520034,3,0,8,3,2,1,2,1
0.8360967700617385,3,0,1,5.439616174651875,2,0,9,5,1,1,8,0
0.286990941439774,5,0,5,1.971301268106603,4,1,1,1,1,0,4,1
10.196936609082371,5,1,6,7.9745996056902335,0,0,7,2,5,0,1,1
6.414661886291431,1,1,7,7.080324970176559,4,0,9,1,3,0,2,1
4.684174237743178,4,0,9,5.33113149107981,5,1,10,0,1,0,1,1
4.145601377569016,4,1,3,4.48044441581613,0,1,5,1,4,1,2,1
2.8182133525424855,5,1,2,7.843774027618397,5,0,2,4,0,0,0,0
0.9079838004004986,4,1,3,9.12255714218631,1,1,10,8,3,1,7,0
4.756088971218834,0,1,9,9.363397023200902,4,0,6,3,4,0,3,0
1.8891092981419322,5,0,7,8.685925300122179,4,0,7,7,1,1,0,1
8.484684651204027,5,0,9,6.643191068497766,3,1,2,2,2,0,7,1
9.68429872221672,3,1,2,9.871473795593468,2,0,2,0,1,0,0,1
5.026263184107658,4,0,5,6.138776256746766,0,0,10,1,4,1,5,1
6.62202464665404,5,1,4,2.533446961406445,0,0,10,4,5,0,6,0
10.180220838146386,0,1,2,0.5015341867989366,3,1,1,9,3,1,1,0
1.8917384012319132,3,0,9,7.344102653226441,3,1,4,5,0,0,5,0
7.530379229658997,1,0,9,3.778196584896307,2,1,7,4,1,0,2,0
2.6662757338325638,5,0,6,0.5730884562478115,5,1,9,1,0,0,3,1
4.4644660067661075,0,1,6,7.678408328986484,2,0,3,4,2,0,3,0
0.6975466180359127,2,0,8,6.34947653585871,4,1,7,5,2,0,1,0
5.248894154708888,0,1,6,5.685481069398195,5,1,7,1,5,1,1,1
9.268706001410191,0,0,1,1.9411725341989179,1,1,7,7,1,0,6,0
1.321150617505588,3,0,4,1.0075138751435484,2,1,2,0,1,0,2,1
8.152872052002461,1,1,7,1.0413255569948505,3,0,6,7,2,0,1,0
8.503303270516314,2,1,2,3.264436797313241,5,0,2,4,3,0,0,0
5.7151505185371345,4,1,9,2.1681389446237813,2,0,6,4,2,0,3,0
6.821086033279366,4,1,8,0.6314853194236514,0,1,10,6,4,1,2,0
4.3189408761301,0,1,8,7.52836245564021,1,1,3,4,1,1,5,0
1.1509366903605058,3,1,7,8.483403552125273,4,0,2,7,1,0,5,0
4.806838762276413,3,1,4,6.359584333177718,0,1,6,1,3,1,2,1
0.897352813622047,4,1,2,4.909885893656298,0,1,2,2,4,1,0,1
5.694882066973178,2,0,3,5.9584553361284085,1,0,5,1,1,1,2,1
7.327395164595699,1,1,6,3.3244409629519196,4,0,2,5,3,0,4,0
8.498280548250248,2,1,5,7.707799511701984,3,1,3,1,1,1,2,1
1.8343238504560755,5,0,8,11.226184956434363,5,1,3,8,0,0,5,1
3.7082058958501465,5,1,6,2.9918168262180096,4,1,6,1,1,1,0,1
3.3866199933328796,1,0,6,5.005940217258896,2,0,6,2,1,1,0,1
0.92108124507987,4,0,1,1.193293114952596,0,0,10,0,4,1,9,1
8.15414603181941,1,1,4,6.679648799682403,2,0,3,2,1,0,1,1
5.699807153564447,3,0,5,1.9264302475929465,3,0,3,4,0,1,2,1
8.069826844782675,5,1,3,3.6716879646001477,2,1,1,4,3,1,2,0
9.036668372389068,0,0,9,6.436994875503442,4,0,7,3,4,1,2,1
5.4843849478406765,0,0,1,10.039219623041834,2,0,8,5,2,1,7,0
3.4835890612194746,4,0,6,8.09149722482263,3,1,2,5,1,0,4,0
5.246988691102822,3,1,6,7.582864328466017,3,1,4,3,0,1,2,1
4.818826221226949,2,1,10,5.141163925818302,3,1,10,1,1,1,0,1
5.370911147195064,3,0,5,4.11807120493955,4,0,7,1,1,1,2,1
2.954015766898477,0,0,5,8.4524810207471,3,1,8,5,3,0,3,0
9.459042815643434,0,1,10,7.887096625461979,0,1,1,2,0,1,9,1
3.798356104044531,5,1,5,10.718214759779434,3,0,4,6,2,0,1,0
9.042263491892163,3,0,6,0.6480418372922278,2,0,6,8,1,1,0,1
10.455107891832373,3,0,8,3.47264777251704,5,1,3,6,2,0,5,0
8.908235913921423,0,1,2,3.9663848464019344,2,0,5,5,2,0,3,0
1.395400644380197,2,1,6,6.958703712324355,5,1,10,5,3,1,4,0
8.02837084164841,4,1,1,7.384984365667611,2,1,9,1,2,1,8,1
8.056728020028276,4,1,4,7.612518587968007,4,0,3,0,0,0,1,1
7.092918814451377,3,1,10,5.684047118407449,2,1,5,2,1,1,5,1
8.459935757977215,4,0,3,7.983458481254127,4,0,8,1,0,1,5,1
3.509461620044949,0,1,9,7.980427986515829,4,0,6,5,4,0,3,0
5.702894563809167,0,0,3,9.624855210092159,3,0,4,3,3,1,1,1
0.6919282709755283,3,1,6,2.4717514646873697,0,1,8,2,3,1,2,1
6.479900644522264,3,0,1,3.537610770590958,5,0,3,4,2,1,2,0
1.349407835140238,5,1,6,4.523638204279731,3,0,3,3,2,0,3,1
9.724410054168859,3,1,4,5.431718640094939,3,1,4,4,0,1,0,1
0.8424590360455383,2,0,8,9.992218455564853,4,1,9,9,2,0,1,0
0.8792847176375035,4,0,9,-0.4771244706210156,4,1,5,0,0,0,4,1
7.7333912784494885,3,1,4,6.679136428173935,5,1,8,0,2,1,4,1
2.252778926607504,1,1,10,8.687041991157699,2,0,6,7,1,0,4,0
5.218117852400527,5,1,10,7.5108725309697615,2,0,3,3,3,0,7,0
7.404541747013137,1,1,6,5.061121502273533,3,0,8,3,2,0,2,1
8.33936403463971,0,1,1,3.7905182772393826,1,1,9,4,1,1,8,0
2.535431829745121,4,0,4,6.587693995117489,1,1,8,4,3,0,4,0
6.432989907032521,3,0,7,4.4705999258760905,2,0,4,2,1,1,3,1
2.826614211616644,1,1,1,6.642243507257386,1,1,6,4,0,1,5,1
5.707103638275655,4,0,8,1.5607496059249641,2,1,1,5,2,0,7,0
5.88920015280748,0,0,10,0.669487472686253,4,0,4,5,4,1,6,0
2.2795091827375407,2,0,6,9.742530646783363,3,0,8,7,1,1,2,1
7.479408153233837,5,1,5,2.7716511924883767,0,1,1,4,5,1,4,0
3.5638431472582144,4,0,10,2.1694967569047097,3,1,3,1,1,0,7,1
7.026328762929593,4,1,9,2.2281247442642664,2,1,1,6,2,1,8,0
10.489228902833275,2,0,2,5.477671730378419,2,0,9,3,0,1,7,1
3.5947356850891867,4,1,5,10.510817606913804,3,0,2,6,1,0,3,0
1.428487768491393,0,0,6,2.718184017121877,5,0,9,1,5,1,3,1
3.965776753666792,0,1,7,3.474906731319165,2,0,4,0,2,0,3,1
7.014387782040499,2,1,5,1.5138508776325827,1,0,2,5,1,0,3,0
3.9074511752893906,5,0,9,5.774873306110864,1,1,4,2,4,0,5,0
6.606064602116743,3,1,1,7.621997990271698,2,1,10,2,1,1,9,1
8.380205993737485,1,1,7,10.111963436973303,2,1,6,1,1,1,1,1
1.3039201693675042,3,1,10,3.026737356820568,5,0,7,3,2,0,3,1
5.550665082444775,4,1,7,4.4410361959816305,1,0,3,0,3,0,4,0
7.358170040270205,1,1,4,4.769598600087454,2,0,3,3,1,0,1,1
2.162349457161709,2,1,9,2.535890016325991,2,1,10,2,0,1,1,1
3.7355266186376506,2,1,5,5.621714139051463,5,0,8,1,3,0,3,0
6.478652411296766,5,1,4,9.177669097795068,5,0,5,3,0,0,1,1
1.9469546823292898,1,0,7,7.0953661427058705,3,1,4,6,2,0,3,0
10.616703038176334,0,0,4,8.317664597608102,5,0,7,2,5,1,3,1
4.996155502139315,1,1,3,7.9411663489035735,0,1,7,3,1,1,4,1
9.806062109068765,4,1,9,7.772266471875129,1,0,9,2,3,0,0,1
1.6530361019358146,0,0,8,7.122478546586002,3,0,9,6,3,1,1,0
5.754219030490535,2,0,1,8.237316742783396,0,1,5,2,2,0,4,1
5.293637120549722,1,0,7,8.35379591098731,2,1,8,2,1,0,1,1
3.741576558413086,3,1,9,8.589126423774001,2,1,10,4,1,1,1,1
8.309516473294266,5,0,8,10.204067956389178,3,1,1,2,2,0,7,1
4.696019375793545,3,1,8,6.312182955606819,5,1,9,3,2,1,1,1
8.055564687648255,5,1,6,0.7631772711744045,2,1,8,7,3,1,2,0
8.659098533617012,4,0,4,5.4715241676343105,4,0,6,4,0,1,2,1
4.3209125392612036,3,1,8,4.362245530190863,3,0,3,1,0,0,5,1
3.7783682675910484,1,1,3,6.184643650405748,0,1,3,1,1,1,0,1
1.8557124414229493,1,1,9,10.697717041099592,3,0,8,8,2,0,1,1
2.9427202862637403,3,1,2,6.120901035777874,1,1,5,3,2,1,3,1
3.0420471941250984,1,0,2,4.1507035348905585,5,0,10,1,4,1,8,1
4.345455478696096,4,0,7,1.9817099800615772,5,1,7,2,1,0,0,1
3.777596580914755,0,1,10,5.13109769207675,3,0,5,2,3,0,5,0
10.069514343476563,4,1,4,8.009023626234113,2,0,8,2,2,0,4,1
4.977438554837974,5,0,10,8.605337276271099,2,0,10,3,3,1,0,1
3.537055048054425,4,1,8,6.7001800025893985,4,0,10,3,0,0,2,1
9.943166655459283,5,0,9,6.205976499530904,4,0,4,4,1,1,5,1
7.928170235051441,1,1,7,2.425795522946599,5,1,2,6,4,1,5,0
5.917459717498477,0,1,5,6.545159780343762,4,1,3,1,4,1,2,1
6.0158797282907255,1,0,8,4.774348567828167,0,1,8,1,1,0,0,1
8.037836770306694,2,0,4,5.49104425476142,4,0,7,2,2,1,3,1
6.783852410446335,1,0,2,9.588917196655297,0,1,2,3,1,0,0,1
10.636357366985632,5,0,6,7.356197358173469,4,0,6,2,1,1,0,1
9.415259685398492,1,1,9,7.549775769310987,5,0,9,2,4,0,0,0
7.639514945765052,1,0,1,3.7097278403989193,5,0,4,5,4,1,3,0
3.389981812111778,0,1,10,6.542261485454854,0,1,9,5,0,1,1,1
8.481004322505385,1,0,7,1.063229609530345,3,0,2,8,2,1,5,1
